GITHUB CONTRIBUTION SUMMARY
Username,createsomethingtoday
Name,Create Something

KEY METRICS
Total Contributions,9,656
Longest Streak (days),14
Active Days,282
Total Days,366

CONTRIBUTIONS BY DAY OF WEEK
Day,Contributions
Sunday,263
Monday,874
Tuesday,875
Wednesday,884
Thursday,856
Friday,841
Saturday,360

TOP PUBLIC REPOSITORIES
Repository,Commits
create-something-monorepo,105
maverick-bio-design-system,37
createsomething-io,27
createsomething-ltd,15
create-something-experiments,11
claude-cursor-sync,8
createsomething-agency,6
claude-plugins,5
createsomething-space,5
werk-ui,4

MONTHLY BREAKDOWN
Year-Month,Month,Year,Contributions,Active Days,Total Days,Avg Per Day,Activity Rate
2025-01,January,2025,54,7,10,5.4,70.0%
2025-02,February,2025,333,21,28,11.9,75.0%
2025-03,March,2025,293,20,31,9.5,64.5%
2025-04,April,2025,233,24,30,7.8,80.0%
2025-05,May,2025,343,24,31,11.1,77.4%
2025-06,June,2025,516,25,30,17.2,83.3%
2025-07,July,2025,367,24,31,11.8,77.4%
2025-08,August,2025,583,25,31,18.8,80.6%
2025-09,September,2025,571,25,30,19.0,83.3%
2025-10,October,2025,727,26,31,23.5,83.9%
2025-11,November,2025,510,22,30,17.0,73.3%
2025-12,December,2025,229,21,31,7.4,67.7%
2026-01,January,2026,194,18,22,8.8,81.8%

WEEKLY BREAKDOWN
Year-Week,Contributions,Active Days,Peak Day,Avg Per Active Day
2025-W04,7,2,4,3.5
2025-W05,47,5,32,9.4
2025-W06,31,6,15,5.2
2025-W07,116,5,38,23.2
2025-W08,123,6,29,20.5
2025-W09,63,4,41,15.8
2025-W10,64,5,19,12.8
2025-W11,117,6,40,19.5
2025-W12,29,2,15,14.5
2025-W13,82,6,26,13.7
2025-W14,7,4,4,1.8
2025-W15,24,4,11,6.0
2025-W16,75,6,53,12.5
2025-W17,88,7,26,12.6
2025-W18,62,6,26,10.3
2025-W19,57,5,35,11.4
2025-W20,136,6,53,22.7
2025-W21,75,6,25,12.5
2025-W22,51,4,25,12.8
2025-W23,86,6,32,14.3
2025-W24,80,5,28,16.0
2025-W25,123,6,44,20.5
2025-W26,152,6,54,25.3
2025-W27,158,7,41,22.6
2025-W28,60,5,45,12.0
2025-W29,60,5,27,12.0
2025-W30,87,5,41,17.4
2025-W31,79,5,41,15.8
2025-W32,265,6,98,44.2
2025-W33,167,5,95,33.4
2025-W34,63,5,33,12.6
2025-W35,83,7,36,11.9
2025-W36,175,7,50,25.0
2025-W37,113,6,33,18.8
2025-W38,27,4,14,6.8
2025-W39,176,6,117,29.3
2025-W40,132,7,35,18.9
2025-W41,233,6,76,38.8
2025-W42,66,5,38,13.2
2025-W43,251,6,76,41.8
2025-W44,130,6,51,21.7
2025-W45,102,6,49,17.0
2025-W46,149,7,42,21.3
2025-W47,138,6,33,23.0
2025-W48,121,3,73,40.3
2025-W49,42,4,19,10.5
2025-W50,55,6,19,9.2
2025-W51,110,4,93,27.5
2025-W52,16,4,7,4.0
2025-W53,6,3,3,2.0
2026-W01,14,2,13,7.0
2026-W02,31,4,18,7.8
2026-W03,112,6,42,18.7
2026-W04,37,6,13,6.2

CONTRIBUTION DISTRIBUTION
Range,Days,Percentage
0,84,23.0%
1-5,81,22.1%
6-10,48,13.1%
11-20,69,18.9%
21-50,72,19.7%
51+,12,3.3%

TOP 10 STREAKS
Rank,Start Date,End Date,Days
1,2025-08-24,2025-09-06,14
2,2025-04-14,2025-04-26,13
3,2025-09-22,2025-10-04,13
4,2025-10-27,2025-11-07,12
5,2026-01-12,2026-01-23,12
6,2025-02-11,2025-02-21,11
7,2025-04-28,2025-05-07,10
8,2025-06-11,2025-06-20,10
9,2025-11-17,2025-11-24,8
10,2025-02-01,2025-02-07,7

DAILY CONTRIBUTION DATA
Date,Year,Month,Month Name,Quarter,Week Number,Day of Week,Day Name,Is Weekend,Contributions,7-Day Rolling Avg,30-Day Rolling Avg,Cumulative Total,Percentile Rank
2025-01-23,2025,1,January,Q1,4,4,Thursday,No,3,3.0,3.0,3,37
2025-01-24,2025,1,January,Q1,4,5,Friday,No,4,3.5,3.5,7,41
2025-01-25,2025,1,January,Q1,4,6,Saturday,Yes,0,2.3,2.3,7,23
2025-01-26,2025,1,January,Q1,5,0,Sunday,Yes,0,1.8,1.8,7,23
2025-01-27,2025,1,January,Q1,5,1,Monday,No,5,2.4,2.4,12,45
2025-01-28,2025,1,January,Q1,5,2,Tuesday,No,4,2.7,2.7,16,41
2025-01-29,2025,1,January,Q1,5,3,Wednesday,No,4,2.9,2.9,20,41
2025-01-30,2025,1,January,Q1,5,4,Thursday,No,2,2.7,2.8,22,33
2025-01-31,2025,1,January,Q1,5,5,Friday,No,0,2.1,2.4,22,23
2025-02-01,2025,1,January,Q1,5,6,Saturday,Yes,32,6.7,5.4,54,86
2025-02-02,2025,2,February,Q1,6,0,Sunday,Yes,5,7.4,5.4,59,45
2025-02-03,2025,2,February,Q1,6,1,Monday,No,15,8.9,6.2,74,70
2025-02-04,2025,2,February,Q1,6,2,Tuesday,No,6,9.1,6.2,80,48
2025-02-05,2025,2,February,Q1,6,3,Wednesday,No,1,8.7,5.8,81,28
2025-02-06,2025,2,February,Q1,6,4,Thursday,No,2,8.7,5.5,83,33
2025-02-07,2025,2,February,Q1,6,5,Friday,No,2,9.0,5.3,85,33
2025-02-08,2025,2,February,Q1,6,6,Saturday,Yes,0,4.4,5.0,85,23
2025-02-09,2025,2,February,Q1,7,0,Sunday,Yes,0,3.7,4.7,85,23
2025-02-10,2025,2,February,Q1,7,1,Monday,No,0,1.6,4.5,85,23
2025-02-11,2025,2,February,Q1,7,2,Tuesday,No,29,4.9,5.7,114,84
2025-02-12,2025,2,February,Q1,7,3,Wednesday,No,38,10.1,7.2,152,91
2025-02-13,2025,2,February,Q1,7,4,Thursday,No,5,10.6,7.1,157,45
2025-02-14,2025,2,February,Q1,7,5,Friday,No,22,13.4,7.8,179,79
2025-02-15,2025,2,February,Q1,7,6,Saturday,Yes,22,16.6,8.4,201,79
2025-02-16,2025,2,February,Q1,8,0,Sunday,Yes,21,19.6,8.9,222,78
2025-02-17,2025,2,February,Q1,8,1,Monday,No,9,20.9,8.9,231,56
2025-02-18,2025,2,February,Q1,8,2,Tuesday,No,11,18.3,9.0,242,61
2025-02-19,2025,2,February,Q1,8,3,Wednesday,No,29,17.0,9.7,271,84
2025-02-20,2025,2,February,Q1,8,4,Thursday,No,28,20.3,10.3,299,84
2025-02-21,2025,2,February,Q1,8,5,Friday,No,25,20.7,10.8,324,81
2025-02-22,2025,2,February,Q1,8,6,Saturday,Yes,0,17.6,10.7,324,23
2025-02-23,2025,2,February,Q1,9,0,Sunday,Yes,0,14.6,10.6,324,23
2025-02-24,2025,2,February,Q1,9,1,Monday,No,3,13.7,10.7,327,37
2025-02-25,2025,2,February,Q1,9,2,Tuesday,No,6,13.0,10.9,333,48
2025-02-26,2025,2,February,Q1,9,3,Wednesday,No,0,8.9,10.7,333,23
2025-02-27,2025,2,February,Q1,9,4,Thursday,No,13,6.7,11.0,346,66
2025-02-28,2025,2,February,Q1,9,5,Friday,No,41,9.0,12.2,387,94
2025-03-01,2025,2,February,Q1,9,6,Saturday,Yes,0,9.0,12.2,387,23
2025-03-02,2025,3,March,Q1,10,0,Sunday,Yes,0,9.0,12.2,387,23
2025-03-03,2025,3,March,Q1,10,1,Monday,No,6,9.4,11.3,393,48
2025-03-04,2025,3,March,Q1,10,2,Tuesday,No,18,11.1,11.7,411,74
2025-03-05,2025,3,March,Q1,10,3,Wednesday,No,7,12.1,11.5,418,51
2025-03-06,2025,3,March,Q1,10,4,Thursday,No,14,12.3,11.7,432,69
2025-03-07,2025,3,March,Q1,10,5,Friday,No,19,9.1,12.3,451,76
2025-03-08,2025,3,March,Q1,10,6,Saturday,Yes,0,9.1,12.3,451,23
2025-03-09,2025,3,March,Q1,11,0,Sunday,Yes,20,12.0,12.9,471,77
2025-03-10,2025,3,March,Q1,11,1,Monday,No,1,11.3,12.9,472,28
2025-03-11,2025,3,March,Q1,11,2,Tuesday,No,40,14.4,14.2,512,92
2025-03-12,2025,3,March,Q1,11,3,Wednesday,No,4,14.0,14.4,516,41
2025-03-13,2025,3,March,Q1,11,4,Thursday,No,13,13.9,13.8,529,66
2025-03-14,2025,3,March,Q1,11,5,Friday,No,39,16.7,13.9,568,92
2025-03-15,2025,3,March,Q1,11,6,Saturday,Yes,0,16.7,13.7,568,23
2025-03-16,2025,3,March,Q1,12,0,Sunday,Yes,0,13.9,13.0,568,23
2025-03-17,2025,3,March,Q1,12,1,Monday,No,15,15.9,12.7,583,70
2025-03-18,2025,3,March,Q1,12,2,Tuesday,No,0,10.1,12.0,583,23
2025-03-19,2025,3,March,Q1,12,3,Wednesday,No,0,9.6,11.7,583,23
2025-03-20,2025,3,March,Q1,12,4,Thursday,No,14,9.7,11.8,597,69
2025-03-21,2025,3,March,Q1,12,5,Friday,No,0,4.1,10.9,597,23
2025-03-22,2025,3,March,Q1,12,6,Saturday,Yes,0,4.1,9.9,597,23
2025-03-23,2025,3,March,Q1,13,0,Sunday,Yes,3,4.6,9.2,600,37
2025-03-24,2025,3,March,Q1,13,1,Monday,No,8,3.6,9.5,608,54
2025-03-25,2025,3,March,Q1,13,2,Tuesday,No,1,3.7,9.5,609,28
2025-03-26,2025,3,March,Q1,13,3,Wednesday,No,0,3.7,9.4,609,23
2025-03-27,2025,3,March,Q1,13,4,Thursday,No,20,4.6,9.9,629,77
2025-03-28,2025,3,March,Q1,13,5,Friday,No,26,8.3,10.7,655,82
2025-03-29,2025,3,March,Q1,13,6,Saturday,Yes,24,11.7,11.1,679,80
2025-03-30,2025,3,March,Q1,14,0,Sunday,Yes,0,11.3,9.7,679,23
2025-03-31,2025,3,March,Q1,14,1,Monday,No,1,10.3,9.8,680,28
2025-04-01,2025,3,March,Q1,14,2,Tuesday,No,0,10.1,9.8,680,23
2025-04-02,2025,4,April,Q2,14,3,Wednesday,No,1,10.3,9.6,681,28
2025-04-03,2025,4,April,Q2,14,4,Thursday,No,0,7.4,9.0,681,23
2025-04-04,2025,4,April,Q2,14,5,Friday,No,4,4.3,8.9,685,41
2025-04-05,2025,4,April,Q2,14,6,Saturday,Yes,1,1.0,8.5,686,28
2025-04-06,2025,4,April,Q2,15,0,Sunday,Yes,0,1.0,7.8,686,23
2025-04-07,2025,4,April,Q2,15,1,Monday,No,0,0.9,7.8,686,23
2025-04-08,2025,4,April,Q2,15,2,Tuesday,No,1,1.0,7.2,687,28
2025-04-09,2025,4,April,Q2,15,3,Wednesday,No,3,1.3,7.3,690,37
2025-04-10,2025,4,April,Q2,15,4,Thursday,No,11,2.9,6.3,701,61
2025-04-11,2025,4,April,Q2,15,5,Friday,No,9,3.6,6.5,710,56
2025-04-12,2025,4,April,Q2,15,6,Saturday,Yes,0,3.4,6.0,710,23
2025-04-13,2025,4,April,Q2,16,0,Sunday,Yes,0,3.4,4.7,710,23
2025-04-14,2025,4,April,Q2,16,1,Monday,No,2,3.7,4.8,712,33
2025-04-15,2025,4,April,Q2,16,2,Tuesday,No,53,11.1,6.6,765,98
2025-04-16,2025,4,April,Q2,16,3,Wednesday,No,1,10.9,6.1,766,28
2025-04-17,2025,4,April,Q2,16,4,Thursday,No,1,9.4,6.1,767,28
2025-04-18,2025,4,April,Q2,16,5,Friday,No,14,10.1,6.6,781,69
2025-04-19,2025,4,April,Q2,16,6,Saturday,Yes,4,10.7,6.3,785,41
2025-04-20,2025,4,April,Q2,17,0,Sunday,Yes,10,12.1,6.6,795,58
2025-04-21,2025,4,April,Q2,17,1,Monday,No,26,15.6,7.5,821,82
2025-04-22,2025,4,April,Q2,17,2,Tuesday,No,17,10.4,7.9,838,73
2025-04-23,2025,4,April,Q2,17,3,Wednesday,No,3,10.7,7.8,841,37
2025-04-24,2025,4,April,Q2,17,4,Thursday,No,12,12.3,8.1,853,61
2025-04-25,2025,4,April,Q2,17,5,Friday,No,5,11.0,8.3,858,45
2025-04-26,2025,4,April,Q2,17,6,Saturday,Yes,15,12.6,8.1,873,70
2025-04-27,2025,4,April,Q2,18,0,Sunday,Yes,0,11.1,7.3,873,23
2025-04-28,2025,4,April,Q2,18,1,Monday,No,4,8.0,6.6,877,41
2025-04-29,2025,4,April,Q2,18,2,Tuesday,No,2,5.9,6.7,879,33
2025-04-30,2025,4,April,Q2,18,3,Wednesday,No,8,6.6,6.9,887,54
2025-05-01,2025,4,April,Q2,18,4,Thursday,No,26,8.6,7.8,913,82
2025-05-02,2025,5,May,Q2,18,5,Friday,No,21,10.9,8.4,934,78
2025-05-03,2025,5,May,Q2,18,6,Saturday,Yes,1,8.9,8.5,935,28
2025-05-04,2025,5,May,Q2,19,0,Sunday,Yes,35,13.9,9.5,970,89
2025-05-05,2025,5,May,Q2,19,1,Monday,No,6,14.1,9.7,976,48
2025-05-06,2025,5,May,Q2,19,2,Tuesday,No,1,14.0,9.7,977,28
2025-05-07,2025,5,May,Q2,19,3,Wednesday,No,13,14.7,10.1,990,66
2025-05-08,2025,5,May,Q2,19,4,Thursday,No,0,11.0,10.1,990,23
2025-05-09,2025,5,May,Q2,19,5,Friday,No,2,8.3,10.1,992,33
2025-05-10,2025,5,May,Q2,19,6,Saturday,Yes,0,8.1,9.7,992,23
2025-05-11,2025,5,May,Q2,20,0,Sunday,Yes,0,3.1,9.4,992,23
2025-05-12,2025,5,May,Q2,20,1,Monday,No,14,4.3,9.9,1006,69
2025-05-13,2025,5,May,Q2,20,2,Tuesday,No,53,11.7,11.6,1059,98
2025-05-14,2025,5,May,Q2,20,3,Wednesday,No,14,11.9,12.0,1073,69
2025-05-15,2025,5,May,Q2,20,4,Thursday,No,13,13.7,10.7,1086,66
2025-05-16,2025,5,May,Q2,20,5,Friday,No,35,18.4,11.8,1121,89
2025-05-17,2025,5,May,Q2,20,6,Saturday,Yes,7,19.4,12.0,1128,51
2025-05-18,2025,5,May,Q2,21,0,Sunday,Yes,0,19.4,11.6,1128,23
2025-05-19,2025,5,May,Q2,21,1,Monday,No,9,18.7,11.7,1137,56
2025-05-20,2025,5,May,Q2,21,2,Tuesday,No,5,11.9,11.6,1142,45
2025-05-21,2025,5,May,Q2,21,3,Wednesday,No,3,10.3,10.8,1145,37
2025-05-22,2025,5,May,Q2,21,4,Thursday,No,25,12.0,11.1,1170,81
2025-05-23,2025,5,May,Q2,21,5,Friday,No,19,9.7,11.6,1189,76
2025-05-24,2025,5,May,Q2,21,6,Saturday,Yes,14,10.7,11.7,1203,69
2025-05-25,2025,5,May,Q2,22,0,Sunday,Yes,0,10.7,11.5,1203,23
2025-05-26,2025,5,May,Q2,22,1,Monday,No,0,9.4,11.0,1203,23
2025-05-27,2025,5,May,Q2,22,2,Tuesday,No,14,10.7,11.5,1217,69
2025-05-28,2025,5,May,Q2,22,3,Wednesday,No,2,10.6,11.4,1219,33
2025-05-29,2025,5,May,Q2,22,4,Thursday,No,25,10.6,12.2,1244,81
2025-05-30,2025,5,May,Q2,22,5,Friday,No,10,9.3,12.2,1254,58
2025-05-31,2025,5,May,Q2,22,6,Saturday,Yes,0,7.3,11.4,1254,23
2025-06-01,2025,5,May,Q2,23,0,Sunday,Yes,2,7.6,10.7,1256,33
2025-06-02,2025,6,June,Q2,23,1,Monday,No,32,12.1,11.8,1288,86
2025-06-03,2025,6,June,Q2,23,2,Tuesday,No,0,10.1,10.6,1288,23
2025-06-04,2025,6,June,Q2,23,3,Wednesday,No,11,11.4,10.8,1299,61
2025-06-05,2025,6,June,Q2,23,4,Thursday,No,19,10.6,11.4,1318,76
2025-06-06,2025,6,June,Q2,23,5,Friday,No,21,12.1,11.6,1339,78
2025-06-07,2025,6,June,Q2,23,6,Saturday,Yes,1,12.3,11.7,1340,28
2025-06-08,2025,6,June,Q2,24,0,Sunday,Yes,0,12.0,11.6,1340,23
2025-06-09,2025,6,June,Q2,24,1,Monday,No,15,9.6,12.1,1355,70
2025-06-10,2025,6,June,Q2,24,2,Tuesday,No,0,9.6,12.1,1355,23
2025-06-11,2025,6,June,Q2,24,3,Wednesday,No,9,9.3,11.9,1364,56
2025-06-12,2025,6,June,Q2,24,4,Thursday,No,19,9.3,10.8,1383,76
2025-06-13,2025,6,June,Q2,24,5,Friday,No,28,10.3,11.3,1411,84
2025-06-14,2025,6,June,Q2,24,6,Saturday,Yes,9,11.4,11.1,1420,56
2025-06-15,2025,6,June,Q2,25,0,Sunday,Yes,16,13.7,10.5,1436,71
2025-06-16,2025,6,June,Q2,25,1,Monday,No,11,13.1,10.6,1447,61
2025-06-17,2025,6,June,Q2,25,2,Tuesday,No,44,19.4,12.1,1491,95
2025-06-18,2025,6,June,Q2,25,3,Wednesday,No,25,21.7,12.6,1516,81
2025-06-19,2025,6,June,Q2,25,4,Thursday,No,10,20.4,12.8,1526,58
2025-06-20,2025,6,June,Q2,25,5,Friday,No,17,18.9,13.3,1543,73
2025-06-21,2025,6,June,Q2,25,6,Saturday,Yes,0,17.6,12.4,1543,23
2025-06-22,2025,6,June,Q2,26,0,Sunday,Yes,4,15.9,11.9,1547,41
2025-06-23,2025,6,June,Q2,26,1,Monday,No,36,19.4,12.7,1583,90
2025-06-24,2025,6,June,Q2,26,2,Tuesday,No,5,13.9,12.8,1588,45
2025-06-25,2025,6,June,Q2,26,3,Wednesday,No,54,18.0,14.6,1642,98
2025-06-26,2025,6,June,Q2,26,4,Thursday,No,40,22.3,15.5,1682,92
2025-06-27,2025,6,June,Q2,26,5,Friday,No,13,21.7,15.9,1695,66
2025-06-28,2025,6,June,Q2,26,6,Saturday,Yes,0,21.7,15.0,1695,23
2025-06-29,2025,6,June,Q2,27,0,Sunday,Yes,21,24.1,15.4,1716,78
2025-06-30,2025,6,June,Q2,27,1,Monday,No,17,21.4,16.0,1733,73
2025-07-01,2025,6,June,Q2,27,2,Tuesday,No,39,26.3,17.2,1772,92
2025-07-02,2025,7,July,Q3,27,3,Wednesday,No,41,24.4,17.5,1813,94
2025-07-03,2025,7,July,Q3,27,4,Thursday,No,10,20.1,17.8,1823,58
2025-07-04,2025,7,July,Q3,27,5,Friday,No,2,18.6,17.5,1825,33
2025-07-05,2025,7,July,Q3,27,6,Saturday,Yes,28,22.6,17.8,1853,84
2025-07-06,2025,7,July,Q3,28,0,Sunday,Yes,0,19.6,17.1,1853,23
2025-07-07,2025,7,July,Q3,28,1,Monday,No,1,17.3,17.1,1854,28
2025-07-08,2025,7,July,Q3,28,2,Tuesday,No,6,12.6,17.3,1860,48
2025-07-09,2025,7,July,Q3,28,3,Wednesday,No,45,13.1,18.3,1905,95
2025-07-10,2025,7,July,Q3,28,4,Thursday,No,3,12.1,18.4,1908,37
2025-07-11,2025,7,July,Q3,28,5,Friday,No,5,12.6,18.3,1913,45
2025-07-12,2025,7,July,Q3,28,6,Saturday,Yes,0,8.6,17.7,1913,23
2025-07-13,2025,7,July,Q3,29,0,Sunday,Yes,0,8.6,16.7,1913,23
2025-07-14,2025,7,July,Q3,29,1,Monday,No,4,9.0,16.6,1917,41
2025-07-15,2025,7,July,Q3,29,2,Tuesday,No,13,10.0,16.5,1930,66
2025-07-16,2025,7,July,Q3,29,3,Wednesday,No,27,7.4,17.0,1957,83
2025-07-17,2025,7,July,Q3,29,4,Thursday,No,11,8.6,15.9,1968,61
2025-07-18,2025,7,July,Q3,29,5,Friday,No,5,8.6,15.2,1973,45
2025-07-19,2025,7,July,Q3,29,6,Saturday,Yes,0,8.6,14.9,1973,23
2025-07-20,2025,7,July,Q3,30,0,Sunday,Yes,0,8.6,14.3,1973,23
2025-07-21,2025,7,July,Q3,30,1,Monday,No,11,9.6,14.7,1984,61
2025-07-22,2025,7,July,Q3,30,2,Tuesday,No,14,9.7,15.0,1998,69
2025-07-23,2025,7,July,Q3,30,3,Wednesday,No,16,8.1,14.4,2014,71
2025-07-24,2025,7,July,Q3,30,4,Thursday,No,5,7.3,14.4,2019,45
2025-07-25,2025,7,July,Q3,30,5,Friday,No,41,12.4,13.9,2060,94
2025-07-26,2025,7,July,Q3,30,6,Saturday,Yes,0,12.4,12.6,2060,23
2025-07-27,2025,7,July,Q3,31,0,Sunday,Yes,0,12.4,12.2,2060,23
2025-07-28,2025,7,July,Q3,31,1,Monday,No,5,11.6,12.3,2065,45
2025-07-29,2025,7,July,Q3,31,2,Tuesday,No,4,10.1,11.8,2069,41
2025-07-30,2025,7,July,Q3,31,3,Wednesday,No,18,10.4,11.8,2087,74
2025-07-31,2025,7,July,Q3,31,4,Thursday,No,41,15.6,11.9,2128,94
2025-08-01,2025,7,July,Q3,31,5,Friday,No,11,11.3,10.9,2139,61
2025-08-02,2025,8,August,Q3,31,6,Saturday,Yes,0,11.3,10.5,2139,23
2025-08-03,2025,8,August,Q3,32,0,Sunday,Yes,6,12.1,10.7,2145,48
2025-08-04,2025,8,August,Q3,32,1,Monday,No,98,25.4,13.0,2243,100
2025-08-05,2025,8,August,Q3,32,2,Tuesday,No,30,29.1,14.0,2273,85
2025-08-06,2025,8,August,Q3,32,3,Wednesday,No,73,37.0,16.4,2346,98
2025-08-07,2025,8,August,Q3,32,4,Thursday,No,23,34.4,17.0,2369,80
2025-08-08,2025,8,August,Q3,32,5,Friday,No,35,37.9,16.6,2404,89
2025-08-09,2025,8,August,Q3,32,6,Saturday,Yes,0,37.9,16.5,2404,23
2025-08-10,2025,8,August,Q3,33,0,Sunday,Yes,0,37.0,16.4,2404,23
2025-08-11,2025,8,August,Q3,33,1,Monday,No,95,36.6,19.5,2499,99
2025-08-12,2025,8,August,Q3,33,2,Tuesday,No,8,33.4,19.8,2507,54
2025-08-13,2025,8,August,Q3,33,3,Wednesday,No,30,27.3,20.7,2537,85
2025-08-14,2025,8,August,Q3,33,4,Thursday,No,25,27.6,21.1,2562,81
2025-08-15,2025,8,August,Q3,33,5,Friday,No,9,23.9,20.5,2571,56
2025-08-16,2025,8,August,Q3,33,6,Saturday,Yes,0,23.9,20.1,2571,23
2025-08-17,2025,8,August,Q3,34,0,Sunday,Yes,0,23.9,19.9,2571,23
2025-08-18,2025,8,August,Q3,34,1,Monday,No,33,15.0,21.0,2604,87
2025-08-19,2025,8,August,Q3,34,2,Tuesday,No,10,15.3,21.4,2614,58
2025-08-20,2025,8,August,Q3,34,3,Wednesday,No,13,12.9,21.4,2627,66
2025-08-21,2025,8,August,Q3,34,4,Thursday,No,3,9.7,21.1,2630,37
2025-08-22,2025,8,August,Q3,34,5,Friday,No,4,9.0,20.7,2634,41
2025-08-23,2025,8,August,Q3,34,6,Saturday,Yes,0,9.0,20.5,2634,23
2025-08-24,2025,8,August,Q3,35,0,Sunday,Yes,7,10.0,19.4,2641,51
2025-08-25,2025,8,August,Q3,35,1,Monday,No,8,6.4,19.6,2649,54
2025-08-26,2025,8,August,Q3,35,2,Tuesday,No,36,10.1,20.8,2685,90
2025-08-27,2025,8,August,Q3,35,3,Wednesday,No,2,8.6,20.7,2687,33
2025-08-28,2025,8,August,Q3,35,4,Thursday,No,11,9.7,21.0,2698,61
2025-08-29,2025,8,August,Q3,35,5,Friday,No,17,11.6,20.9,2715,73
2025-08-30,2025,8,August,Q3,35,6,Saturday,Yes,2,11.9,19.6,2717,33
2025-08-31,2025,8,August,Q3,36,0,Sunday,Yes,1,11.0,19.3,2718,28
2025-09-01,2025,8,August,Q3,36,1,Monday,No,4,10.4,19.4,2722,41
2025-09-02,2025,9,September,Q3,36,2,Tuesday,No,32,9.9,20.3,2754,86
2025-09-03,2025,9,September,Q3,36,3,Wednesday,No,41,15.4,18.4,2795,94
2025-09-04,2025,9,September,Q3,36,4,Thursday,No,34,18.7,18.5,2829,87
2025-09-05,2025,9,September,Q3,36,5,Friday,No,50,23.4,17.8,2879,97
2025-09-06,2025,9,September,Q3,36,6,Saturday,Yes,13,25.0,17.4,2892,66
2025-09-07,2025,9,September,Q3,37,0,Sunday,Yes,0,24.9,16.3,2892,23
2025-09-08,2025,9,September,Q3,37,1,Monday,No,23,27.6,17.0,2915,80
2025-09-09,2025,9,September,Q3,37,2,Tuesday,No,4,23.6,17.2,2919,41
2025-09-10,2025,9,September,Q3,37,3,Wednesday,No,33,22.4,15.1,2952,87
2025-09-11,2025,9,September,Q3,37,4,Thursday,No,28,21.6,15.8,2980,84
2025-09-12,2025,9,September,Q3,37,5,Friday,No,12,16.1,15.2,2992,61
2025-09-13,2025,9,September,Q3,37,6,Saturday,Yes,13,16.1,14.8,3005,66
2025-09-14,2025,9,September,Q3,38,0,Sunday,Yes,0,16.1,14.5,3005,23
2025-09-15,2025,9,September,Q3,38,1,Monday,No,5,13.6,14.6,3010,45
2025-09-16,2025,9,September,Q3,38,2,Tuesday,No,1,13.1,14.7,3011,28
2025-09-17,2025,9,September,Q3,38,3,Wednesday,No,14,10.4,14.0,3025,69
2025-09-18,2025,9,September,Q3,38,4,Thursday,No,7,7.4,13.9,3032,51
2025-09-19,2025,9,September,Q3,38,5,Friday,No,0,5.7,13.5,3032,23
2025-09-20,2025,9,September,Q3,38,6,Saturday,Yes,0,3.9,13.4,3032,23
2025-09-21,2025,9,September,Q3,39,0,Sunday,Yes,0,3.9,13.3,3032,23
2025-09-22,2025,9,September,Q3,39,1,Monday,No,7,4.1,13.5,3039,51
2025-09-23,2025,9,September,Q3,39,2,Tuesday,No,13,5.9,13.7,3052,66
2025-09-24,2025,9,September,Q3,39,3,Wednesday,No,8,5.0,13.7,3060,54
2025-09-25,2025,9,September,Q3,39,4,Thursday,No,117,20.7,16.4,3177,100
2025-09-26,2025,9,September,Q3,39,5,Friday,No,12,22.4,16.7,3189,61
2025-09-27,2025,9,September,Q3,39,6,Saturday,Yes,19,25.1,17.0,3208,76
2025-09-28,2025,9,September,Q3,40,0,Sunday,Yes,6,26.0,16.6,3214,48
2025-09-29,2025,9,September,Q3,40,1,Monday,No,10,26.4,16.9,3224,58
2025-09-30,2025,9,September,Q3,40,2,Tuesday,No,35,29.6,18.0,3259,89
2025-10-01,2025,9,September,Q3,40,3,Wednesday,No,34,33.3,19.0,3293,87
2025-10-02,2025,10,October,Q4,40,4,Thursday,No,5,17.3,18.1,3298,45
2025-10-03,2025,10,October,Q4,40,5,Friday,No,8,16.7,17.0,3306,54
2025-10-04,2025,10,October,Q4,40,6,Saturday,Yes,34,18.9,17.0,3340,87
2025-10-05,2025,10,October,Q4,41,0,Sunday,Yes,0,18.0,15.4,3340,23
2025-10-06,2025,10,October,Q4,41,1,Monday,No,5,17.3,15.1,3345,45
2025-10-07,2025,10,October,Q4,41,2,Tuesday,No,76,23.1,17.6,3421,99
2025-10-08,2025,10,October,Q4,41,3,Wednesday,No,44,24.6,18.3,3465,95
2025-10-09,2025,10,October,Q4,41,4,Thursday,No,40,29.6,19.5,3505,92
2025-10-10,2025,10,October,Q4,41,5,Friday,No,48,35.3,20.0,3553,96
2025-10-11,2025,10,October,Q4,41,6,Saturday,Yes,20,33.3,19.8,3573,77
2025-10-12,2025,10,October,Q4,42,0,Sunday,Yes,0,33.3,19.4,3573,23
2025-10-13,2025,10,October,Q4,42,1,Monday,No,8,33.7,19.2,3581,54
2025-10-14,2025,10,October,Q4,42,2,Tuesday,No,7,23.9,19.4,3588,51
2025-10-15,2025,10,October,Q4,42,3,Wednesday,No,10,19.0,19.6,3598,58
2025-10-16,2025,10,October,Q4,42,4,Thursday,No,38,18.7,20.8,3636,91
2025-10-17,2025,10,October,Q4,42,5,Friday,No,3,12.3,20.5,3639,37
2025-10-18,2025,10,October,Q4,42,6,Saturday,Yes,0,9.4,20.2,3639,23
2025-10-19,2025,10,October,Q4,43,0,Sunday,Yes,0,9.4,20.2,3639,23
2025-10-20,2025,10,October,Q4,43,1,Monday,No,49,15.3,21.9,3688,96
2025-10-21,2025,10,October,Q4,43,2,Tuesday,No,76,25.1,24.4,3764,99
2025-10-22,2025,10,October,Q4,43,3,Wednesday,No,35,28.7,25.3,3799,89
2025-10-23,2025,10,October,Q4,43,4,Thursday,No,43,29.4,26.3,3842,95
2025-10-24,2025,10,October,Q4,43,5,Friday,No,35,34.0,27.2,3877,89
2025-10-25,2025,10,October,Q4,43,6,Saturday,Yes,13,35.9,23.8,3890,66
2025-10-26,2025,10,October,Q4,44,0,Sunday,Yes,0,35.9,23.4,3890,23
2025-10-27,2025,10,October,Q4,44,1,Monday,No,36,34.0,23.9,3926,90
2025-10-28,2025,10,October,Q4,44,2,Tuesday,No,17,25.6,24.3,3943,73
2025-10-29,2025,10,October,Q4,44,3,Wednesday,No,8,21.7,24.2,3951,54
2025-10-30,2025,10,October,Q4,44,4,Thursday,No,13,17.4,23.5,3964,66
2025-10-31,2025,10,October,Q4,44,5,Friday,No,51,19.7,24.1,4015,97
2025-11-01,2025,10,October,Q4,44,6,Saturday,Yes,5,18.6,24.1,4020,45
2025-11-02,2025,11,November,Q4,45,0,Sunday,Yes,3,19.0,23.9,4023,37
2025-11-03,2025,11,November,Q4,45,1,Monday,No,14,15.9,23.2,4037,69
2025-11-04,2025,11,November,Q4,45,2,Tuesday,No,18,16.0,23.8,4055,74
2025-11-05,2025,11,November,Q4,45,3,Wednesday,No,49,21.9,25.3,4104,96
2025-11-06,2025,11,November,Q4,45,4,Thursday,No,11,21.6,23.1,4115,61
2025-11-07,2025,11,November,Q4,45,5,Friday,No,7,15.3,21.9,4122,51
2025-11-08,2025,11,November,Q4,45,6,Saturday,Yes,0,14.6,20.6,4122,23
2025-11-09,2025,11,November,Q4,46,0,Sunday,Yes,23,17.4,19.7,4145,80
2025-11-10,2025,11,November,Q4,46,1,Monday,No,35,20.4,20.2,4180,89
2025-11-11,2025,11,November,Q4,46,2,Tuesday,No,16,20.1,20.8,4196,71
2025-11-12,2025,11,November,Q4,46,3,Wednesday,No,18,15.7,21.1,4214,74
2025-11-13,2025,11,November,Q4,46,4,Thursday,No,7,15.1,21.1,4221,51
2025-11-14,2025,11,November,Q4,46,5,Friday,No,8,15.3,21.0,4229,54
2025-11-15,2025,11,November,Q4,46,6,Saturday,Yes,42,21.3,21.2,4271,94
2025-11-16,2025,11,November,Q4,47,0,Sunday,Yes,0,18.0,21.1,4271,23
2025-11-17,2025,11,November,Q4,47,1,Monday,No,23,16.3,21.8,4294,80
2025-11-18,2025,11,November,Q4,47,2,Tuesday,No,32,18.6,22.9,4326,86
2025-11-19,2025,11,November,Q4,47,3,Wednesday,No,15,18.1,21.8,4341,70
2025-11-20,2025,11,November,Q4,47,4,Thursday,No,19,19.9,19.9,4360,76
2025-11-21,2025,11,November,Q4,47,5,Friday,No,33,23.4,19.8,4393,87
2025-11-22,2025,11,November,Q4,47,6,Saturday,Yes,16,19.7,18.9,4409,71
2025-11-23,2025,11,November,Q4,48,0,Sunday,Yes,73,30.1,20.2,4482,98
2025-11-24,2025,11,November,Q4,48,1,Monday,No,47,33.6,21.3,4529,96
2025-11-25,2025,11,November,Q4,48,2,Tuesday,No,0,29.0,21.3,4529,23
2025-11-26,2025,11,November,Q4,48,3,Wednesday,No,0,26.9,20.1,4529,23
2025-11-27,2025,11,November,Q4,48,4,Thursday,No,0,24.1,19.5,4529,23
2025-11-28,2025,11,November,Q4,48,5,Friday,No,0,19.4,19.3,4529,23
2025-11-29,2025,11,November,Q4,48,6,Saturday,Yes,1,17.3,18.9,4530,28
2025-11-30,2025,11,November,Q4,49,0,Sunday,Yes,0,6.9,17.2,4530,23
2025-12-01,2025,11,November,Q4,49,1,Monday,No,0,0.1,17.0,4530,23
2025-12-02,2025,12,December,Q4,49,2,Tuesday,No,3,0.6,17.0,4533,37
2025-12-03,2025,12,December,Q4,49,3,Wednesday,No,19,3.3,17.2,4552,76
2025-12-04,2025,12,December,Q4,49,4,Thursday,No,14,5.3,17.0,4566,69
2025-12-05,2025,12,December,Q4,49,5,Friday,No,6,6.1,15.6,4572,48
2025-12-06,2025,12,December,Q4,49,6,Saturday,Yes,0,6.0,15.2,4572,23
2025-12-07,2025,12,December,Q4,50,0,Sunday,Yes,0,6.0,15.0,4572,23
2025-12-08,2025,12,December,Q4,50,1,Monday,No,13,7.9,15.4,4585,66
2025-12-09,2025,12,December,Q4,50,2,Tuesday,No,6,8.3,14.9,4591,48
2025-12-10,2025,12,December,Q4,50,3,Wednesday,No,8,6.7,14.0,4599,54
2025-12-11,2025,12,December,Q4,50,4,Thursday,No,7,5.7,13.7,4606,51
2025-12-12,2025,12,December,Q4,50,5,Friday,No,19,7.6,13.7,4625,76
2025-12-13,2025,12,December,Q4,50,6,Saturday,Yes,2,7.9,13.5,4627,33
2025-12-14,2025,12,December,Q4,51,0,Sunday,Yes,0,7.9,13.3,4627,23
2025-12-15,2025,12,December,Q4,51,1,Monday,No,93,19.3,15.0,4720,99
2025-12-16,2025,12,December,Q4,51,2,Tuesday,No,9,19.7,15.3,4729,56
2025-12-17,2025,12,December,Q4,51,3,Wednesday,No,4,19.1,14.6,4733,41
2025-12-18,2025,12,December,Q4,51,4,Thursday,No,4,18.7,13.7,4737,41
2025-12-19,2025,12,December,Q4,51,5,Friday,No,0,16.0,13.2,4737,23
2025-12-20,2025,12,December,Q4,51,6,Saturday,Yes,0,15.7,12.6,4737,23
2025-12-21,2025,12,December,Q4,52,0,Sunday,Yes,0,15.7,11.5,4737,23
2025-12-22,2025,12,December,Q4,52,1,Monday,No,2,2.7,11.0,4739,33
2025-12-23,2025,12,December,Q4,52,2,Tuesday,No,7,2.4,8.8,4746,51
2025-12-24,2025,12,December,Q4,52,3,Wednesday,No,0,1.9,7.2,4746,23
2025-12-25,2025,12,December,Q4,52,4,Thursday,No,5,2.0,7.4,4751,45
2025-12-26,2025,12,December,Q4,52,5,Friday,No,0,2.0,7.4,4751,23
2025-12-27,2025,12,December,Q4,52,6,Saturday,Yes,2,2.3,7.5,4753,33
2025-12-28,2025,12,December,Q4,53,0,Sunday,Yes,0,2.3,7.5,4753,23
2025-12-29,2025,12,December,Q4,53,1,Monday,No,3,2.4,7.5,4756,37
2025-12-30,2025,12,December,Q4,53,2,Tuesday,No,2,1.7,7.6,4758,33
2025-12-31,2025,12,December,Q4,53,3,Wednesday,No,1,1.9,7.6,4759,28
2026-01-01,2025,12,December,Q4,53,4,Thursday,No,0,1.1,7.5,4759,23
2026-01-02,2026,1,January,Q1,1,5,Friday,No,1,1.3,6.9,4760,28
2026-01-03,2026,1,January,Q1,1,6,Saturday,Yes,13,2.9,6.9,4773,66
2026-01-04,2026,1,January,Q1,2,0,Sunday,Yes,0,2.9,6.7,4773,23
2026-01-05,2026,1,January,Q1,2,1,Monday,No,4,3.0,6.8,4777,41
2026-01-06,2026,1,January,Q1,2,2,Tuesday,No,0,2.7,6.8,4777,23
2026-01-07,2026,1,January,Q1,2,3,Wednesday,No,18,5.1,7.0,4795,74
2026-01-08,2026,1,January,Q1,2,4,Thursday,No,7,6.1,7.0,4802,51
2026-01-09,2026,1,January,Q1,2,5,Friday,No,2,6.3,6.8,4804,33
2026-01-10,2026,1,January,Q1,2,6,Saturday,Yes,0,4.4,6.6,4804,23
2026-01-11,2026,1,January,Q1,3,0,Sunday,Yes,0,4.4,6.0,4804,23
2026-01-12,2026,1,January,Q1,3,1,Monday,No,1,4.0,5.9,4805,28
2026-01-13,2026,1,January,Q1,3,2,Tuesday,No,42,10.0,7.3,4847,94
2026-01-14,2026,1,January,Q1,3,3,Wednesday,No,17,9.9,4.8,4864,73
2026-01-15,2026,1,January,Q1,3,4,Thursday,No,7,9.9,4.7,4871,51
2026-01-16,2026,1,January,Q1,3,5,Friday,No,38,15.0,5.9,4909,91
2026-01-17,2026,1,January,Q1,3,6,Saturday,Yes,7,16.0,6.0,4916,51
2026-01-18,2026,1,January,Q1,4,0,Sunday,Yes,7,17.0,6.2,4923,51
2026-01-19,2026,1,January,Q1,4,1,Monday,No,2,17.1,6.3,4925,33
2026-01-20,2026,1,January,Q1,4,2,Tuesday,No,9,12.4,6.6,4934,56
2026-01-21,2026,1,January,Q1,4,3,Wednesday,No,13,11.9,6.9,4947,66
2026-01-22,2026,1,January,Q1,4,4,Thursday,No,3,11.3,6.8,4950,37
2026-01-23,2026,1,January,Q1,4,5,Friday,No,3,6.3,6.9,4953,37
